"name","value","Game","target"
"A3C FF (1 day) hs",182.1,"Alien",6875
"A3C FF (1 day) hs",283.9,"Amidar",1676
"A3C FF (1 day) hs",3746.1,"Assault",1496
"A3C FF (1 day) hs",6723,"Asterix",8503
"A3C FF (1 day) hs",3009.4,"Asteroids",13157
"A3C FF (1 day) hs",772392,"Atlantis",29028
"A3C FF (1 day) hs",946,"Bank Heist",734.4
"A3C FF (1 day) hs",11340,"Battle Zone",37800
"A3C FF (1 day) hs",13235.9,"Beam Rider",7456
"A3C FF (1 day) hs",1433.4,"Berzerk",2630.4
"A3C FF (1 day) hs",36.2,"Bowling",154.8
"A3C FF (1 day) hs",33.7,"Boxing",4.3
"A3C FF (1 day) hs",551.6,"Breakout",31.8
"A3C FF (1 day) hs",3306.5,"Centipede",11963
"A3C FF (1 day) hs",4669,"Chopper Command",9882
"A3C FF (1 day) hs",101624,"Crazy Climber",35411
"A3C FF (1 day) hs",84997.5,"Demon Attack",3401
"A3C FF (1 day) hs",0.1,"Double Dunk",-15.5
"A3C FF (1 day) hs",-82.2,"Enduro",309.6
"A3C FF (1 day) hs",13.6,"Fishing Derby",5.5
"A3C FF (1 day) hs",0.1,"Freeway",29.6
"A3C FF (1 day) hs",180.1,"Frostbite",4355
"A3C FF (1 day) hs",8442.8,"Gopher",2321
"A3C FF (1 day) hs",269.5,"Gravitar",2672
"A3C FF (1 day) hs",28765.8,"HERO",25763
"A3C FF (1 day) hs",-4.7,"Ice Hockey",0.9
"A3C FF (1 day) hs",351.5,"James Bond",406.7
"A3C FF (1 day) hs",106,"Kangaroo",3035
"A3C FF (1 day) hs",8066.6,"Krull",2395
"A3C FF (1 day) hs",3046,"Kung-Fu Master",22736
"A3C FF (1 day) hs",53,"Montezuma's Revenge",4367
"A3C FF (1 day) hs",594.4,"Ms. Pacman",15693
"A3C FF (1 day) hs",5614,"Name This Game",4076
"A3C FF (1 day) hs",11.4,"Pong",9.3
"A3C FF (1 day) hs",194.4,"Private Eye",69571
"A3C FF (1 day) hs",13752.3,"Q*Bert",13455
"A3C FF (1 day) hs",10001.2,"River Raid",13513
"A3C FF (1 day) hs",31769,"Road Runner",7845
"A3C FF (1 day) hs",2.3,"Robotank",11.9
"A3C FF (1 day) hs",2300.2,"Seaquest",20182
"A3C FF (1 day) hs",2214.7,"Space Invaders",1652
"A3C FF (1 day) hs",64393,"Star Gunner",10250
"A3C FF (1 day) hs",-10.2,"Tennis",-8.9
"A3C FF (1 day) hs",5825,"Time Pilot",5925
"A3C FF (1 day) hs",26.1,"Tutankham",167.6
"A3C FF (1 day) hs",54525.4,"Up and Down",9082
"A3C FF (1 day) hs",19,"Venture",1188
"A3C FF (1 day) hs",185852.6,"Video Pinball",17298
"A3C FF (1 day) hs",5278,"Wizard of Wor",4757
"A3C FF (1 day) hs",2659,"Zaxxon",9173
"A3C FF (1 day) hs",28181.8,"Phoenix",2665.5
"A3C FF (1 day) hs",-123,"Pitfall!",22736.3
"A3C FF (1 day) hs",-13700,"Skiing",13455
"A3C FF (1 day) hs",1884.8,"Solaris",17118
"A3C FF (1 day) hs",7270.8,"Yars Revenge",5650
"A3C FF (1 day) hs",36242.5,"Defender",18688.9
"A3C FF (1 day) hs",-9.6,"Surround",6.5
"A3C FF hs",518.4,"Alien",6875
"A3C FF hs",263.9,"Amidar",1676
"A3C FF hs",5474.9,"Assault",1496
"A3C FF hs",22140.5,"Asterix",8503
"A3C FF hs",4474.5,"Asteroids",13157
"A3C FF hs",911091,"Atlantis",29028
"A3C FF hs",970.1,"Bank Heist",734.4
"A3C FF hs",12950,"Battle Zone",37800
"A3C FF hs",22707.9,"Beam Rider",7456
"A3C FF hs",817.9,"Berzerk",2630.4
"A3C FF hs",35.1,"Bowling",154.8
"A3C FF hs",59.8,"Boxing",4.3
"A3C FF hs",681.9,"Breakout",31.8
"A3C FF hs",3755.8,"Centipede",11963
"A3C FF hs",7021,"Chopper Command",9882
"A3C FF hs",112646,"Crazy Climber",35411
"A3C FF hs",113308.4,"Demon Attack",3401
"A3C FF hs",-0.1,"Double Dunk",-15.5
"A3C FF hs",-82.5,"Enduro",309.6
"A3C FF hs",18.8,"Fishing Derby",5.5
"A3C FF hs",0.1,"Freeway",29.6
"A3C FF hs",190.5,"Frostbite",4355
"A3C FF hs",10022.8,"Gopher",2321
"A3C FF hs",303.5,"Gravitar",2672
"A3C FF hs",32464.1,"HERO",25763
"A3C FF hs",-2.8,"Ice Hockey",0.9
"A3C FF hs",541,"James Bond",406.7
"A3C FF hs",94,"Kangaroo",3035
"A3C FF hs",5560,"Krull",2395
"A3C FF hs",28819,"Kung-Fu Master",22736
"A3C FF hs",67,"Montezuma's Revenge",4367
"A3C FF hs",653.7,"Ms. Pacman",15693
"A3C FF hs",10476.1,"Name This Game",4076
"A3C FF hs",5.6,"Pong",9.3
"A3C FF hs",206.9,"Private Eye",69571
"A3C FF hs",15148.8,"Q*Bert",13455
"A3C FF hs",12201.8,"River Raid",13513
"A3C FF hs",34216,"Road Runner",7845
"A3C FF hs",32.8,"Robotank",11.9
"A3C FF hs",2355.4,"Seaquest",20182
"A3C FF hs",15730.5,"Space Invaders",1652
"A3C FF hs",138218,"Star Gunner",10250
"A3C FF hs",-6.3,"Tennis",-8.9
"A3C FF hs",12679,"Time Pilot",5925
"A3C FF hs",156.3,"Tutankham",167.6
"A3C FF hs",74705.7,"Up and Down",9082
"A3C FF hs",23,"Venture",1188
"A3C FF hs",331628.1,"Video Pinball",17298
"A3C FF hs",17244,"Wizard of Wor",4757
"A3C FF hs",24622,"Zaxxon",9173
"A3C FF hs",52894.1,"Phoenix",2665.5
"A3C FF hs",-78.5,"Pitfall!",22736.3
"A3C FF hs",-10911.1,"Skiing",13455
"A3C FF hs",1956,"Solaris",17118
"A3C FF hs",7157.5,"Yars Revenge",5650
"A3C FF hs",56533,"Defender",18688.9
"A3C FF hs",-9.7,"Surround",6.5
"A3C LSTM hs",945.3,"Alien",6875
"A3C LSTM hs",173,"Amidar",1676
"A3C LSTM hs",14497.9,"Assault",1496
"A3C LSTM hs",17244.5,"Asterix",8503
"A3C LSTM hs",5093.1,"Asteroids",13157
"A3C LSTM hs",875822,"Atlantis",29028
"A3C LSTM hs",932.8,"Bank Heist",734.4
"A3C LSTM hs",20760,"Battle Zone",37800
"A3C LSTM hs",24622.2,"Beam Rider",7456
"A3C LSTM hs",862.2,"Berzerk",2630.4
"A3C LSTM hs",41.8,"Bowling",154.8
"A3C LSTM hs",37.3,"Boxing",4.3
"A3C LSTM hs",766.8,"Breakout",31.8
"A3C LSTM hs",1997,"Centipede",11963
"A3C LSTM hs",10150,"Chopper Command",9882
"A3C LSTM hs",138518,"Crazy Climber",35411
"A3C LSTM hs",115201.9,"Demon Attack",3401
"A3C LSTM hs",0.1,"Double Dunk",-15.5
"A3C LSTM hs",-82.5,"Enduro",309.6
"A3C LSTM hs",22.6,"Fishing Derby",5.5
"A3C LSTM hs",0.1,"Freeway",29.6
"A3C LSTM hs",197.6,"Frostbite",4355
"A3C LSTM hs",17106.8,"Gopher",2321
"A3C LSTM hs",320,"Gravitar",2672
"A3C LSTM hs",28889.5,"HERO",25763
"A3C LSTM hs",-1.7,"Ice Hockey",0.9
"A3C LSTM hs",613,"James Bond",406.7
"A3C LSTM hs",125,"Kangaroo",3035
"A3C LSTM hs",5911.4,"Krull",2395
"A3C LSTM hs",40835,"Kung-Fu Master",22736
"A3C LSTM hs",41,"Montezuma's Revenge",4367
"A3C LSTM hs",850.7,"Ms. Pacman",15693
"A3C LSTM hs",12093.7,"Name This Game",4076
"A3C LSTM hs",10.7,"Pong",9.3
"A3C LSTM hs",421.1,"Private Eye",69571
"A3C LSTM hs",21307.5,"Q*Bert",13455
"A3C LSTM hs",6591.9,"River Raid",13513
"A3C LSTM hs",73949,"Road Runner",7845
"A3C LSTM hs",2.6,"Robotank",11.9
"A3C LSTM hs",1326.1,"Seaquest",20182
"A3C LSTM hs",23846,"Space Invaders",1652
"A3C LSTM hs",164766,"Star Gunner",10250
"A3C LSTM hs",-6.4,"Tennis",-8.9
"A3C LSTM hs",27202,"Time Pilot",5925
"A3C LSTM hs",144.2,"Tutankham",167.6
"A3C LSTM hs",105728.7,"Up and Down",9082
"A3C LSTM hs",25,"Venture",1188
"A3C LSTM hs",470310.5,"Video Pinball",17298
"A3C LSTM hs",18082,"Wizard of Wor",4757
"A3C LSTM hs",23519,"Zaxxon",9173
"A3C LSTM hs",74786.7,"Phoenix",2665.5
"A3C LSTM hs",-135.7,"Pitfall!",22736.3
"A3C LSTM hs",-14863.8,"Skiing",13455
"A3C LSTM hs",1936.4,"Solaris",17118
"A3C LSTM hs",5615.5,"Yars Revenge",5650
"A3C LSTM hs",233021.5,"Defender",18688.9
"A3C LSTM hs",-8.3,"Surround",6.5
"Best linear",939.2,"Alien",6875
"Best linear",103.4,"Amidar",1676
"Best linear",628,"Assault",1496
"Best linear",987.3,"Asterix",8503
"Best linear",907.3,"Asteroids",13157
"Best linear",62687,"Atlantis",29028
"Best linear",190.8,"Bank Heist",734.4
"Best linear",15820,"Battle Zone",37800
"Best linear",929.4,"Beam Rider",7456
"Best linear",43.9,"Bowling",154.8
"Best linear",44,"Boxing",4.3
"Best linear",5.2,"Breakout",31.8
"Best linear",8803,"Centipede",11963
"Best linear",1582,"Chopper Command",9882
"Best linear",23411,"Crazy Climber",35411
"Best linear",520.5,"Demon Attack",3401
"Best linear",-13.1,"Double Dunk",-15.5
"Best linear",129.1,"Enduro",309.6
"Best linear",-89.5,"Fishing Derby",5.5
"Best linear",19.1,"Freeway",29.6
"Best linear",216.9,"Frostbite",4355
"Best linear",1288,"Gopher",2321
"Best linear",387.7,"Gravitar",2672
"Best linear",6459,"HERO",25763
"Best linear",-9.5,"Ice Hockey",0.9
"Best linear",202.8,"James Bond",406.7
"Best linear",1622,"Kangaroo",3035
"Best linear",3372,"Krull",2395
"Best linear",19544,"Kung-Fu Master",22736
"Best linear",10.7,"Montezuma's Revenge",4367
"Best linear",1692,"Ms. Pacman",15693
"Best linear",2500,"Name This Game",4076
"Best linear",-19,"Pong",9.3
"Best linear",684.3,"Private Eye",69571
"Best linear",613.5,"Q*Bert",13455
"Best linear",1904,"River Raid",13513
"Best linear",67.7,"Road Runner",7845
"Best linear",28.7,"Robotank",11.9
"Best linear",664.8,"Seaquest",20182
"Best linear",250.1,"Space Invaders",1652
"Best linear",1070,"Star Gunner",10250
"Best linear",-0.1,"Tennis",-8.9
"Best linear",3741,"Time Pilot",5925
"Best linear",114.3,"Tutankham",167.6
"Best linear",3533,"Up and Down",9082
"Best linear",66,"Venture",1188
"Best linear",16871,"Video Pinball",17298
"Best linear",1981,"Wizard of Wor",4757
"Best linear",3365,"Zaxxon",9173
"C51 noop",3166,"Alien",6875
"C51 noop",1735,"Amidar",1676
"C51 noop",7203,"Assault",1496
"C51 noop",406211,"Asterix",8503
"C51 noop",1516,"Asteroids",13157
"C51 noop",841075,"Atlantis",29028
"C51 noop",976,"Bank Heist",734.4
"C51 noop",28742,"Battle Zone",37800
"C51 noop",14074,"Beam Rider",7456
"C51 noop",1645,"Berzerk",2630.4
"C51 noop",81.8,"Bowling",154.8
"C51 noop",97.8,"Boxing",4.3
"C51 noop",748,"Breakout",31.8
"C51 noop",9646,"Centipede",11963
"C51 noop",15600,"Chopper Command",9882
"C51 noop",179877,"Crazy Climber",35411
"C51 noop",130955,"Demon Attack",3401
"C51 noop",2.5,"Double Dunk",-15.5
"C51 noop",3454,"Enduro",309.6
"C51 noop",8.9,"Fishing Derby",5.5
"C51 noop",33.9,"Freeway",29.6
"C51 noop",3965,"Frostbite",4355
"C51 noop",33641,"Gopher",2321
"C51 noop",440,"Gravitar",2672
"C51 noop",38874,"HERO",25763
"C51 noop",-3.5,"Ice Hockey",0.9
"C51 noop",1909,"James Bond",406.7
"C51 noop",12853,"Kangaroo",3035
"C51 noop",9735,"Krull",2395
"C51 noop",48192,"Kung-Fu Master",22736
"C51 noop",0,"Montezuma's Revenge",4367
"C51 noop",3415,"Ms. Pacman",15693
"C51 noop",12542,"Name This Game",4076
"C51 noop",20.9,"Pong",9.3
"C51 noop",15095,"Private Eye",69571
"C51 noop",23784,"Q*Bert",13455
"C51 noop",17322,"River Raid",13513
"C51 noop",55839,"Road Runner",7845
"C51 noop",52.3,"Robotank",11.9
"C51 noop",266434,"Seaquest",20182
"C51 noop",5747,"Space Invaders",1652
"C51 noop",49095,"Star Gunner",10250
"C51 noop",23.1,"Tennis",-8.9
"C51 noop",8329,"Time Pilot",5925
"C51 noop",280,"Tutankham",167.6
"C51 noop",15612,"Up and Down",9082
"C51 noop",1520,"Venture",1188
"C51 noop",949604,"Video Pinball",17298
"C51 noop",9300,"Wizard of Wor",4757
"C51 noop",10513,"Zaxxon",9173
"C51 noop",17490,"Phoenix",2665.5
"C51 noop",0,"Pitfall!",22736.3
"C51 noop",-13901,"Skiing",13455
"C51 noop",8342,"Solaris",17118
"C51 noop",35050,"Yars Revenge",5650
"C51 noop",47092,"Defender",18688.9
"C51 noop",6.8,"Surround",6.5
"DDQN (tuned) hs",1033.4,"Alien",6875
"DDQN (tuned) hs",169.1,"Amidar",1676
"DDQN (tuned) hs",6060.8,"Assault",1496
"DDQN (tuned) hs",16837,"Asterix",8503
"DDQN (tuned) hs",1193.2,"Asteroids",13157
"DDQN (tuned) hs",319688,"Atlantis",29028
"DDQN (tuned) hs",886,"Bank Heist",734.4
"DDQN (tuned) hs",24740,"Battle Zone",37800
"DDQN (tuned) hs",17417.2,"Beam Rider",7456
"DDQN (tuned) hs",1011.1,"Berzerk",2630.4
"DDQN (tuned) hs",69.6,"Bowling",154.8
"DDQN (tuned) hs",73.5,"Boxing",4.3
"DDQN (tuned) hs",368.9,"Breakout",31.8
"DDQN (tuned) hs",3853.5,"Centipede",11963
"DDQN (tuned) hs",3495,"Chopper Command",9882
"DDQN (tuned) hs",113782,"Crazy Climber",35411
"DDQN (tuned) hs",69803.4,"Demon Attack",3401
"DDQN (tuned) hs",-0.3,"Double Dunk",-15.5
"DDQN (tuned) hs",1216.6,"Enduro",309.6
"DDQN (tuned) hs",3.2,"Fishing Derby",5.5
"DDQN (tuned) hs",28.8,"Freeway",29.6
"DDQN (tuned) hs",1448.1,"Frostbite",4355
"DDQN (tuned) hs",15253,"Gopher",2321
"DDQN (tuned) hs",200.5,"Gravitar",2672
"DDQN (tuned) hs",14892.5,"HERO",25763
"DDQN (tuned) hs",-2.5,"Ice Hockey",0.9
"DDQN (tuned) hs",573,"James Bond",406.7
"DDQN (tuned) hs",11204,"Kangaroo",3035
"DDQN (tuned) hs",6796.1,"Krull",2395
"DDQN (tuned) hs",30207,"Kung-Fu Master",22736
"DDQN (tuned) hs",42,"Montezuma's Revenge",4367
"DDQN (tuned) hs",1241.3,"Ms. Pacman",15693
"DDQN (tuned) hs",8960.3,"Name This Game",4076
"DDQN (tuned) hs",19.1,"Pong",9.3
"DDQN (tuned) hs",-575.5,"Private Eye",69571
"DDQN (tuned) hs",11020.8,"Q*Bert",13455
"DDQN (tuned) hs",10838.4,"River Raid",13513
"DDQN (tuned) hs",43156,"Road Runner",7845
"DDQN (tuned) hs",59.1,"Robotank",11.9
"DDQN (tuned) hs",14498,"Seaquest",20182
"DDQN (tuned) hs",2628.7,"Space Invaders",1652
"DDQN (tuned) hs",58365,"Star Gunner",10250
"DDQN (tuned) hs",-7.8,"Tennis",-8.9
"DDQN (tuned) hs",6608,"Time Pilot",5925
"DDQN (tuned) hs",92.2,"Tutankham",167.6
"DDQN (tuned) hs",19086.9,"Up and Down",9082
"DDQN (tuned) hs",21,"Venture",1188
"DDQN (tuned) hs",367823.7,"Video Pinball",17298
"DDQN (tuned) hs",6201,"Wizard of Wor",4757
"DDQN (tuned) hs",8593,"Zaxxon",9173
"DDQN (tuned) hs",12366.5,"Phoenix",2665.5
"DDQN (tuned) hs",-186.7,"Pitfall!",22736.3
"DDQN (tuned) hs",-11490.4,"Skiing",13455
"DDQN (tuned) hs",810,"Solaris",17118
"DDQN (tuned) hs",6270.6,"Yars Revenge",5650
"DDQN (tuned) hs",27510,"Defender",18688.9
"DDQN (tuned) hs",1.9,"Surround",6.5
"DDQN (tuned) noop",3747.7,"Alien",6875
"DDQN (tuned) noop",1793.3,"Amidar",1676
"DDQN (tuned) noop",5393.2,"Assault",1496
"DDQN (tuned) noop",17356.5,"Asterix",8503
"DDQN (tuned) noop",734.7,"Asteroids",13157
"DDQN (tuned) noop",106056,"Atlantis",29028
"DDQN (tuned) noop",1030.6,"Bank Heist",734.4
"DDQN (tuned) noop",31700,"Battle Zone",37800
"DDQN (tuned) noop",13772.8,"Beam Rider",7456
"DDQN (tuned) noop",1225.4,"Berzerk",2630.4
"DDQN (tuned) noop",68.1,"Bowling",154.8
"DDQN (tuned) noop",91.6,"Boxing",4.3
"DDQN (tuned) noop",418.5,"Breakout",31.8
"DDQN (tuned) noop",5409.4,"Centipede",11963
"DDQN (tuned) noop",5809,"Chopper Command",9882
"DDQN (tuned) noop",117282,"Crazy Climber",35411
"DDQN (tuned) noop",58044.2,"Demon Attack",3401
"DDQN (tuned) noop",-5.5,"Double Dunk",-15.5
"DDQN (tuned) noop",1211.8,"Enduro",309.6
"DDQN (tuned) noop",15.5,"Fishing Derby",5.5
"DDQN (tuned) noop",33.3,"Freeway",29.6
"DDQN (tuned) noop",1683.3,"Frostbite",4355
"DDQN (tuned) noop",14840.8,"Gopher",2321
"DDQN (tuned) noop",412,"Gravitar",2672
"DDQN (tuned) noop",20130.2,"HERO",25763
"DDQN (tuned) noop",-2.7,"Ice Hockey",0.9
"DDQN (tuned) noop",1358,"James Bond",406.7
"DDQN (tuned) noop",12992,"Kangaroo",3035
"DDQN (tuned) noop",7920.5,"Krull",2395
"DDQN (tuned) noop",29710,"Kung-Fu Master",22736
"DDQN (tuned) noop",0,"Montezuma's Revenge",4367
"DDQN (tuned) noop",2711.4,"Ms. Pacman",15693
"DDQN (tuned) noop",10616,"Name This Game",4076
"DDQN (tuned) noop",20.9,"Pong",9.3
"DDQN (tuned) noop",129.7,"Private Eye",69571
"DDQN (tuned) noop",15088.5,"Q*Bert",13455
"DDQN (tuned) noop",14884.5,"River Raid",13513
"DDQN (tuned) noop",44127,"Road Runner",7845
"DDQN (tuned) noop",65.1,"Robotank",11.9
"DDQN (tuned) noop",16452.7,"Seaquest",20182
"DDQN (tuned) noop",2525.5,"Space Invaders",1652
"DDQN (tuned) noop",60142,"Star Gunner",10250
"DDQN (tuned) noop",-22.8,"Tennis",-8.9
"DDQN (tuned) noop",8339,"Time Pilot",5925
"DDQN (tuned) noop",218.4,"Tutankham",167.6
"DDQN (tuned) noop",22972.2,"Up and Down",9082
"DDQN (tuned) noop",98,"Venture",1188
"DDQN (tuned) noop",309941.9,"Video Pinball",17298
"DDQN (tuned) noop",7492,"Wizard of Wor",4757
"DDQN (tuned) noop",10163,"Zaxxon",9173
"DDQN (tuned) noop",12252.5,"Phoenix",2665.5
"DDQN (tuned) noop",-29.9,"Pitfall!",22736.3
"DDQN (tuned) noop",-9021.8,"Skiing",13455
"DDQN (tuned) noop",3067.8,"Solaris",17118
"DDQN (tuned) noop",11712.6,"Yars Revenge",5650
"DDQN (tuned) noop",35338.5,"Defender",18688.9
"DDQN (tuned) noop",-2.9,"Surround",6.5
"DDQN-PC",3459,"Montezuma's Revenge",4367
"DDQN+Pop-Art noop",3213.5,"Alien",6875
"DDQN+Pop-Art noop",782.5,"Amidar",1676
"DDQN+Pop-Art noop",9011.6,"Assault",1496
"DDQN+Pop-Art noop",18919.5,"Asterix",8503
"DDQN+Pop-Art noop",2869.3,"Asteroids",13157
"DDQN+Pop-Art noop",340076,"Atlantis",29028
"DDQN+Pop-Art noop",1103.3,"Bank Heist",734.4
"DDQN+Pop-Art noop",8220,"Battle Zone",37800
"DDQN+Pop-Art noop",8299.4,"Beam Rider",7456
"DDQN+Pop-Art noop",1199.6,"Berzerk",2630.4
"DDQN+Pop-Art noop",102.1,"Bowling",154.8
"DDQN+Pop-Art noop",99.3,"Boxing",4.3
"DDQN+Pop-Art noop",344.1,"Breakout",31.8
"DDQN+Pop-Art noop",49065.8,"Centipede",11963
"DDQN+Pop-Art noop",775,"Chopper Command",9882
"DDQN+Pop-Art noop",119679,"Crazy Climber",35411
"DDQN+Pop-Art noop",63644.9,"Demon Attack",3401
"DDQN+Pop-Art noop",-11.5,"Double Dunk",-15.5
"DDQN+Pop-Art noop",2002.1,"Enduro",309.6
"DDQN+Pop-Art noop",45.1,"Fishing Derby",5.5
"DDQN+Pop-Art noop",33.4,"Freeway",29.6
"DDQN+Pop-Art noop",3469.6,"Frostbite",4355
"DDQN+Pop-Art noop",56218.2,"Gopher",2321
"DDQN+Pop-Art noop",483.5,"Gravitar",2672
"DDQN+Pop-Art noop",14225.2,"HERO",25763
"DDQN+Pop-Art noop",-4.1,"Ice Hockey",0.9
"DDQN+Pop-Art noop",507.5,"James Bond",406.7
"DDQN+Pop-Art noop",13150,"Kangaroo",3035
"DDQN+Pop-Art noop",9745.1,"Krull",2395
"DDQN+Pop-Art noop",34393,"Kung-Fu Master",22736
"DDQN+Pop-Art noop",0,"Montezuma's Revenge",4367
"DDQN+Pop-Art noop",4963.8,"Ms. Pacman",15693
"DDQN+Pop-Art noop",15851.2,"Name This Game",4076
"DDQN+Pop-Art noop",20.6,"Pong",9.3
"DDQN+Pop-Art noop",286.7,"Private Eye",69571
"DDQN+Pop-Art noop",5236.8,"Q*Bert",13455
"DDQN+Pop-Art noop",12530.8,"River Raid",13513
"DDQN+Pop-Art noop",47770,"Road Runner",7845
"DDQN+Pop-Art noop",64.3,"Robotank",11.9
"DDQN+Pop-Art noop",10932.3,"Seaquest",20182
"DDQN+Pop-Art noop",2589.7,"Space Invaders",1652
"DDQN+Pop-Art noop",589,"Star Gunner",10250
"DDQN+Pop-Art noop",12.1,"Tennis",-8.9
"DDQN+Pop-Art noop",4870,"Time Pilot",5925
"DDQN+Pop-Art noop",183.9,"Tutankham",167.6
"DDQN+Pop-Art noop",22474.4,"Up and Down",9082
"DDQN+Pop-Art noop",1172,"Venture",1188
"DDQN+Pop-Art noop",56287,"Video Pinball",17298
"DDQN+Pop-Art noop",483,"Wizard of Wor",4757
"DDQN+Pop-Art noop",14402,"Zaxxon",9173
"DDQN+Pop-Art noop",6202.5,"Phoenix",2665.5
"DDQN+Pop-Art noop",-2.6,"Pitfall!",22736.3
"DDQN+Pop-Art noop",-13585.1,"Skiing",13455
"DDQN+Pop-Art noop",4544.8,"Solaris",17118
"DDQN+Pop-Art noop",21409.5,"Yars Revenge",5650
"DDQN+Pop-Art noop",11099,"Defender",18688.9
"DDQN+Pop-Art noop",-2.5,"Surround",6.5
"DQN best",5184,"Beam Rider",7456
"DQN best",225,"Breakout",31.8
"DQN best",661,"Enduro",309.6
"DQN best",21,"Pong",9.3
"DQN best",4500,"Q*Bert",13455
"DQN best",1740,"Seaquest",20182
"DQN best",1075,"Space Invaders",1652
"DQN hs",634,"Alien",6875
"DQN hs",178.4,"Amidar",1676
"DQN hs",3489.3,"Assault",1496
"DQN hs",3170.5,"Asterix",8503
"DQN hs",1458.7,"Asteroids",13157
"DQN hs",292491,"Atlantis",29028
"DQN hs",312.7,"Bank Heist",734.4
"DQN hs",23750,"Battle Zone",37800
"DQN hs",9743.2,"Beam Rider",7456
"DQN hs",493.4,"Berzerk",2630.4
"DQN hs",56.5,"Bowling",154.8
"DQN hs",70.3,"Boxing",4.3
"DQN hs",354.5,"Breakout",31.8
"DQN hs",3973.9,"Centipede",11963
"DQN hs",5017,"Chopper Command",9882
"DQN hs",98128,"Crazy Climber",35411
"DQN hs",12550.7,"Demon Attack",3401
"DQN hs",-6,"Double Dunk",-15.5
"DQN hs",626.7,"Enduro",309.6
"DQN hs",-1.6,"Fishing Derby",5.5
"DQN hs",26.9,"Freeway",29.6
"DQN hs",496.1,"Frostbite",4355
"DQN hs",8190.4,"Gopher",2321
"DQN hs",298,"Gravitar",2672
"DQN hs",14992.9,"HERO",25763
"DQN hs",-1.6,"Ice Hockey",0.9
"DQN hs",697.5,"James Bond",406.7
"DQN hs",4496,"Kangaroo",3035
"DQN hs",6206,"Krull",2395
"DQN hs",20882,"Kung-Fu Master",22736
"DQN hs",47,"Montezuma's Revenge",4367
"DQN hs",1092.3,"Ms. Pacman",15693
"DQN hs",6738.8,"Name This Game",4076
"DQN hs",18,"Pong",9.3
"DQN hs",207.9,"Private Eye",69571
"DQN hs",9271.5,"Q*Bert",13455
"DQN hs",4748.5,"River Raid",13513
"DQN hs",35215,"Road Runner",7845
"DQN hs",58.7,"Robotank",11.9
"DQN hs",4216.7,"Seaquest",20182
"DQN hs",1293.8,"Space Invaders",1652
"DQN hs",52970,"Star Gunner",10250
"DQN hs",11.1,"Tennis",-8.9
"DQN hs",4786,"Time Pilot",5925
"DQN hs",45.6,"Tutankham",167.6
"DQN hs",8038.5,"Up and Down",9082
"DQN hs",136,"Venture",1188
"DQN hs",154414.1,"Video Pinball",17298
"DQN hs",1609,"Wizard of Wor",4757
"DQN hs",4412,"Zaxxon",9173
"DQN hs",7484.8,"Phoenix",2665.5
"DQN hs",-113.2,"Pitfall!",22736.3
"DQN hs",-12142.1,"Skiing",13455
"DQN hs",1295.4,"Solaris",17118
"DQN hs",4577.5,"Yars Revenge",5650
"DQN hs",15917.5,"Defender",18688.9
"DQN hs",-6,"Surround",6.5
"DQN noop",1620,"Alien",6875
"DQN noop",978,"Amidar",1676
"DQN noop",4280.4,"Assault",1496
"DQN noop",4359,"Asterix",8503
"DQN noop",1364.5,"Asteroids",13157
"DQN noop",279987,"Atlantis",29028
"DQN noop",455,"Bank Heist",734.4
"DQN noop",29900,"Battle Zone",37800
"DQN noop",8627.5,"Beam Rider",7456
"DQN noop",585.6,"Berzerk",2630.4
"DQN noop",50.4,"Bowling",154.8
"DQN noop",88,"Boxing",4.3
"DQN noop",385.5,"Breakout",31.8
"DQN noop",4657.7,"Centipede",11963
"DQN noop",6126,"Chopper Command",9882
"DQN noop",110763,"Crazy Climber",35411
"DQN noop",12149.4,"Demon Attack",3401
"DQN noop",-6.6,"Double Dunk",-15.5
"DQN noop",729,"Enduro",309.6
"DQN noop",-4.9,"Fishing Derby",5.5
"DQN noop",30.8,"Freeway",29.6
"DQN noop",797.4,"Frostbite",4355
"DQN noop",8777.4,"Gopher",2321
"DQN noop",473,"Gravitar",2672
"DQN noop",20437.8,"HERO",25763
"DQN noop",-1.9,"Ice Hockey",0.9
"DQN noop",768.5,"James Bond",406.7
"DQN noop",7259,"Kangaroo",3035
"DQN noop",8422.3,"Krull",2395
"DQN noop",26059,"Kung-Fu Master",22736
"DQN noop",0,"Montezuma's Revenge",4367
"DQN noop",3085.6,"Ms. Pacman",15693
"DQN noop",8207.8,"Name This Game",4076
"DQN noop",19.5,"Pong",9.3
"DQN noop",146.7,"Private Eye",69571
"DQN noop",13117.3,"Q*Bert",13455
"DQN noop",7377.6,"River Raid",13513
"DQN noop",39544,"Road Runner",7845
"DQN noop",63.9,"Robotank",11.9
"DQN noop",5860.6,"Seaquest",20182
"DQN noop",1692.3,"Space Invaders",1652
"DQN noop",54282,"Star Gunner",10250
"DQN noop",12.2,"Tennis",-8.9
"DQN noop",4870,"Time Pilot",5925
"DQN noop",68.1,"Tutankham",167.6
"DQN noop",9989.9,"Up and Down",9082
"DQN noop",163,"Venture",1188
"DQN noop",196760.4,"Video Pinball",17298
"DQN noop",2704,"Wizard of Wor",4757
"DQN noop",5363,"Zaxxon",9173
"DQN noop",8485.2,"Phoenix",2665.5
"DQN noop",-286.1,"Pitfall!",22736.3
"DQN noop",-13062.3,"Skiing",13455
"DQN noop",3482.8,"Solaris",17118
"DQN noop",18098.9,"Yars Revenge",5650
"DQN noop",23633,"Defender",18688.9
"DQN noop",-5.6,"Surround",6.5
"DQN-CTS",31.7,"Freeway",29.6
"DQN-CTS",498.3,"Gravitar",2672
"DQN-CTS",3705.5,"Montezuma's Revenge",4367
"DQN-CTS",8358.7,"Private Eye",69571
"DQN-CTS",82.2,"Venture",1188
"DQN-CTS",0,"Pitfall!",22736.3
"DQN-CTS",2863.6,"Solaris",17118
"DQN-PixelCNN",31.7,"Freeway",29.6
"DQN-PixelCNN",859.1,"Gravitar",2672
"DQN-PixelCNN",2514.3,"Montezuma's Revenge",4367
"DQN-PixelCNN",15806.5,"Private Eye",69571
"DQN-PixelCNN",1356.25,"Venture",1188
"DQN-PixelCNN",0,"Pitfall!",22736.3
"DQN-PixelCNN",5501.5,"Solaris",17118
"Duel hs",1486.5,"Alien",6875
"Duel hs",172.7,"Amidar",1676
"Duel hs",3994.8,"Assault",1496
"Duel hs",15840,"Asterix",8503
"Duel hs",2035.4,"Asteroids",13157
"Duel hs",445360,"Atlantis",29028
"Duel hs",1129.3,"Bank Heist",734.4
"Duel hs",31320,"Battle Zone",37800
"Duel hs",14591.3,"Beam Rider",7456
"Duel hs",910.6,"Berzerk",2630.4
"Duel hs",65.7,"Bowling",154.8
"Duel hs",77.3,"Boxing",4.3
"Duel hs",411.6,"Breakout",31.8
"Duel hs",4881,"Centipede",11963
"Duel hs",3784,"Chopper Command",9882
"Duel hs",124566,"Crazy Climber",35411
"Duel hs",56322.8,"Demon Attack",3401
"Duel hs",-0.8,"Double Dunk",-15.5
"Duel hs",2077.4,"Enduro",309.6
"Duel hs",-4.1,"Fishing Derby",5.5
"Duel hs",0.2,"Freeway",29.6
"Duel hs",2332.4,"Frostbite",4355
"Duel hs",20051.4,"Gopher",2321
"Duel hs",297,"Gravitar",2672
"Duel hs",15207.9,"HERO",25763
"Duel hs",-1.3,"Ice Hockey",0.9
"Duel hs",835.5,"James Bond",406.7
"Duel hs",10334,"Kangaroo",3035
"Duel hs",8051.6,"Krull",2395
"Duel hs",24288,"Kung-Fu Master",22736
"Duel hs",22,"Montezuma's Revenge",4367
"Duel hs",2250.6,"Ms. Pacman",15693
"Duel hs",11185.1,"Name This Game",4076
"Duel hs",18.8,"Pong",9.3
"Duel hs",292.6,"Private Eye",69571
"Duel hs",14175.8,"Q*Bert",13455
"Duel hs",16569.4,"River Raid",13513
"Duel hs",58549,"Road Runner",7845
"Duel hs",62,"Robotank",11.9
"Duel hs",37361.6,"Seaquest",20182
"Duel hs",5993.1,"Space Invaders",1652
"Duel hs",90804,"Star Gunner",10250
"Duel hs",4.4,"Tennis",-8.9
"Duel hs",6601,"Time Pilot",5925
"Duel hs",48,"Tutankham",167.6
"Duel hs",24759.2,"Up and Down",9082
"Duel hs",200,"Venture",1188
"Duel hs",110976.2,"Video Pinball",17298
"Duel hs",7054,"Wizard of Wor",4757
"Duel hs",10164,"Zaxxon",9173
"Duel hs",20410.5,"Phoenix",2665.5
"Duel hs",-46.9,"Pitfall!",22736.3
"Duel hs",-11928,"Skiing",13455
"Duel hs",1768.4,"Solaris",17118
"Duel hs",25976.5,"Yars Revenge",5650
"Duel hs",33996,"Defender",18688.9
"Duel hs",4,"Surround",6.5
"Duel noop",4461.4,"Alien",6875
"Duel noop",2354.5,"Amidar",1676
"Duel noop",4621,"Assault",1496
"Duel noop",28188,"Asterix",8503
"Duel noop",2837.7,"Asteroids",13157
"Duel noop",382572,"Atlantis",29028
"Duel noop",1611.9,"Bank Heist",734.4
"Duel noop",37150,"Battle Zone",37800
"Duel noop",12164,"Beam Rider",7456
"Duel noop",1472.6,"Berzerk",2630.4
"Duel noop",65.5,"Bowling",154.8
"Duel noop",99.4,"Boxing",4.3
"Duel noop",345.3,"Breakout",31.8
"Duel noop",7561.4,"Centipede",11963
"Duel noop",11215,"Chopper Command",9882
"Duel noop",143570,"Crazy Climber",35411
"Duel noop",60813.3,"Demon Attack",3401
"Duel noop",0.1,"Double Dunk",-15.5
"Duel noop",2258.2,"Enduro",309.6
"Duel noop",46.4,"Fishing Derby",5.5
"Duel noop",0,"Freeway",29.6
"Duel noop",4672.8,"Frostbite",4355
"Duel noop",15718.4,"Gopher",2321
"Duel noop",588,"Gravitar",2672
"Duel noop",20818.2,"HERO",25763
"Duel noop",0.5,"Ice Hockey",0.9
"Duel noop",1312.5,"James Bond",406.7
"Duel noop",14854,"Kangaroo",3035
"Duel noop",11451.9,"Krull",2395
"Duel noop",34294,"Kung-Fu Master",22736
"Duel noop",0,"Montezuma's Revenge",4367
"Duel noop",6283.5,"Ms. Pacman",15693
"Duel noop",11971.1,"Name This Game",4076
"Duel noop",21,"Pong",9.3
"Duel noop",103,"Private Eye",69571
"Duel noop",19220.3,"Q*Bert",13455
"Duel noop",21162.6,"River Raid",13513
"Duel noop",69524,"Road Runner",7845
"Duel noop",65.3,"Robotank",11.9
"Duel noop",50254.2,"Seaquest",20182
"Duel noop",6427.3,"Space Invaders",1652
"Duel noop",89238,"Star Gunner",10250
"Duel noop",5.1,"Tennis",-8.9
"Duel noop",11666,"Time Pilot",5925
"Duel noop",211.4,"Tutankham",167.6
"Duel noop",44939.6,"Up and Down",9082
"Duel noop",497,"Venture",1188
"Duel noop",98209.5,"Video Pinball",17298
"Duel noop",7855,"Wizard of Wor",4757
"Duel noop",12944,"Zaxxon",9173
"Duel noop",23092.2,"Phoenix",2665.5
"Duel noop",0,"Pitfall!",22736.3
"Duel noop",-8857.4,"Skiing",13455
"Duel noop",2250.8,"Solaris",17118
"Duel noop",49622.1,"Yars Revenge",5650
"Duel noop",42214,"Defender",18688.9
"Duel noop",4.4,"Surround",6.5
"ES FF (1 hour) noop",994,"Alien",6875
"ES FF (1 hour) noop",112,"Amidar",1676
"ES FF (1 hour) noop",1673.9,"Assault",1496
"ES FF (1 hour) noop",1440,"Asterix",8503
"ES FF (1 hour) noop",1562,"Asteroids",13157
"ES FF (1 hour) noop",1267410,"Atlantis",29028
"ES FF (1 hour) noop",225,"Bank Heist",734.4
"ES FF (1 hour) noop",16600,"Battle Zone",37800
"ES FF (1 hour) noop",744,"Beam Rider",7456
"ES FF (1 hour) noop",686,"Berzerk",2630.4
"ES FF (1 hour) noop",30,"Bowling",154.8
"ES FF (1 hour) noop",49.8,"Boxing",4.3
"ES FF (1 hour) noop",9.5,"Breakout",31.8
"ES FF (1 hour) noop",7783.9,"Centipede",11963
"ES FF (1 hour) noop",3710,"Chopper Command",9882
"ES FF (1 hour) noop",26430,"Crazy Climber",35411
"ES FF (1 hour) noop",1166.5,"Demon Attack",3401
"ES FF (1 hour) noop",0.2,"Double Dunk",-15.5
"ES FF (1 hour) noop",95,"Enduro",309.6
"ES FF (1 hour) noop",-49,"Fishing Derby",5.5
"ES FF (1 hour) noop",31,"Freeway",29.6
"ES FF (1 hour) noop",370,"Frostbite",4355
"ES FF (1 hour) noop",582,"Gopher",2321
"ES FF (1 hour) noop",805,"Gravitar",2672
"ES FF (1 hour) noop",-4.1,"Ice Hockey",0.9
"ES FF (1 hour) noop",11200,"Kangaroo",3035
"ES FF (1 hour) noop",8647.2,"Krull",2395
"ES FF (1 hour) noop",0,"Montezuma's Revenge",4367
"ES FF (1 hour) noop",4503,"Name This Game",4076
"ES FF (1 hour) noop",21,"Pong",9.3
"ES FF (1 hour) noop",100,"Private Eye",69571
"ES FF (1 hour) noop",147.5,"Q*Bert",13455
"ES FF (1 hour) noop",5009,"River Raid",13513
"ES FF (1 hour) noop",16590,"Road Runner",7845
"ES FF (1 hour) noop",11.9,"Robotank",11.9
"ES FF (1 hour) noop",1390,"Seaquest",20182
"ES FF (1 hour) noop",678.5,"Space Invaders",1652
"ES FF (1 hour) noop",1470,"Star Gunner",10250
"ES FF (1 hour) noop",-4.5,"Tennis",-8.9
"ES FF (1 hour) noop",4970,"Time Pilot",5925
"ES FF (1 hour) noop",130.3,"Tutankham",167.6
"ES FF (1 hour) noop",67974,"Up and Down",9082
"ES FF (1 hour) noop",760,"Venture",1188
"ES FF (1 hour) noop",22834.8,"Video Pinball",17298
"ES FF (1 hour) noop",3480,"Wizard of Wor",4757
"ES FF (1 hour) noop",6380,"Zaxxon",9173
"ES FF (1 hour) noop",4041,"Phoenix",2665.5
"ES FF (1 hour) noop",0,"Pitfall!",22736.3
"ES FF (1 hour) noop",-15442.5,"Skiing",13455
"ES FF (1 hour) noop",2090,"Solaris",17118
"ES FF (1 hour) noop",16401.7,"Yars Revenge",5650
"Gorila",813.5,"Alien",6875
"Gorila",189.2,"Amidar",1676
"Gorila",1195.8,"Assault",1496
"Gorila",3324.7,"Asterix",8503
"Gorila",933.6,"Asteroids",13157
"Gorila",629166.5,"Atlantis",29028
"Gorila",399.4,"Bank Heist",734.4
"Gorila",19938,"Battle Zone",37800
"Gorila",3822.1,"Beam Rider",7456
"Gorila",54,"Bowling",154.8
"Gorila",74.2,"Boxing",4.3
"Gorila",313,"Breakout",31.8
"Gorila",6296.9,"Centipede",11963
"Gorila",3191.8,"Chopper Command",9882
"Gorila",65451,"Crazy Climber",35411
"Gorila",14880.1,"Demon Attack",3401
"Gorila",-11.3,"Double Dunk",-15.5
"Gorila",71,"Enduro",309.6
"Gorila",4.6,"Fishing Derby",5.5
"Gorila",10.2,"Freeway",29.6
"Gorila",426.6,"Frostbite",4355
"Gorila",4373,"Gopher",2321
"Gorila",538.4,"Gravitar",2672
"Gorila",8963.4,"HERO",25763
"Gorila",-1.7,"Ice Hockey",0.9
"Gorila",444,"James Bond",406.7
"Gorila",1431,"Kangaroo",3035
"Gorila",6363.1,"Krull",2395
"Gorila",20620,"Kung-Fu Master",22736
"Gorila",84,"Montezuma's Revenge",4367
"Gorila",1263,"Ms. Pacman",15693
"Gorila",9238.5,"Name This Game",4076
"Gorila",16.7,"Pong",9.3
"Gorila",2598.6,"Private Eye",69571
"Gorila",7089.8,"Q*Bert",13455
"Gorila",5310.3,"River Raid",13513
"Gorila",43079.8,"Road Runner",7845
"Gorila",61.8,"Robotank",11.9
"Gorila",10145.9,"Seaquest",20182
"Gorila",1183.3,"Space Invaders",1652
"Gorila",14919.2,"Star Gunner",10250
"Gorila",-0.7,"Tennis",-8.9
"Gorila",8267.8,"Time Pilot",5925
"Gorila",118.5,"Tutankham",167.6
"Gorila",8747.7,"Up and Down",9082
"Gorila",523.4,"Venture",1188
"Gorila",112093.4,"Video Pinball",17298
"Gorila",10431,"Wizard of Wor",4757
"Gorila",6159.4,"Zaxxon",9173
"MP-EB",27,"Freeway",29.6
"MP-EB",507,"Frostbite",4355
"MP-EB",142,"Montezuma's Revenge",4367
"MP-EB",15805,"Q*Bert",13455
"MP-EB",0,"Venture",1188
"Nature DQN",3069,"Alien",6875
"Nature DQN",739.5,"Amidar",1676
"Nature DQN",3359,"Assault",1496
"Nature DQN",6012,"Asterix",8503
"Nature DQN",1629,"Asteroids",13157
"Nature DQN",85641,"Atlantis",29028
"Nature DQN",429.7,"Bank Heist",734.4
"Nature DQN",26300,"Battle Zone",37800
"Nature DQN",6846,"Beam Rider",7456
"Nature DQN",42.4,"Bowling",154.8
"Nature DQN",71.8,"Boxing",4.3
"Nature DQN",401.2,"Breakout",31.8
"Nature DQN",8309,"Centipede",11963
"Nature DQN",6687,"Chopper Command",9882
"Nature DQN",114103,"Crazy Climber",35411
"Nature DQN",9711,"Demon Attack",3401
"Nature DQN",-18.1,"Double Dunk",-15.5
"Nature DQN",301.8,"Enduro",309.6
"Nature DQN",-0.8,"Fishing Derby",5.5
"Nature DQN",30.3,"Freeway",29.6
"Nature DQN",328.3,"Frostbite",4355
"Nature DQN",8520,"Gopher",2321
"Nature DQN",306.7,"Gravitar",2672
"Nature DQN",19950,"HERO",25763
"Nature DQN",-1.6,"Ice Hockey",0.9
"Nature DQN",576.7,"James Bond",406.7
"Nature DQN",6740,"Kangaroo",3035
"Nature DQN",3805,"Krull",2395
"Nature DQN",23270,"Kung-Fu Master",22736
"Nature DQN",0,"Montezuma's Revenge",4367
"Nature DQN",2311,"Ms. Pacman",15693
"Nature DQN",7257,"Name This Game",4076
"Nature DQN",18.9,"Pong",9.3
"Nature DQN",1788,"Private Eye",69571
"Nature DQN",10596,"Q*Bert",13455
"Nature DQN",8316,"River Raid",13513
"Nature DQN",18257,"Road Runner",7845
"Nature DQN",51.6,"Robotank",11.9
"Nature DQN",5286,"Seaquest",20182
"Nature DQN",1976,"Space Invaders",1652
"Nature DQN",57997,"Star Gunner",10250
"Nature DQN",-2.5,"Tennis",-8.9
"Nature DQN",5947,"Time Pilot",5925
"Nature DQN",186.7,"Tutankham",167.6
"Nature DQN",8456,"Up and Down",9082
"Nature DQN",380,"Venture",1188
"Nature DQN",42684,"Video Pinball",17298
"Nature DQN",3393,"Wizard of Wor",4757
"Nature DQN",4977,"Zaxxon",9173
"Prior hs",1334.7,"Alien",6875
"Prior hs",129.1,"Amidar",1676
"Prior hs",6548.9,"Assault",1496
"Prior hs",22484.5,"Asterix",8503
"Prior hs",1745.1,"Asteroids",13157
"Prior hs",330647,"Atlantis",29028
"Prior hs",876.6,"Bank Heist",734.4
"Prior hs",25520,"Battle Zone",37800
"Prior hs",31181.3,"Beam Rider",7456
"Prior hs",865.9,"Berzerk",2630.4
"Prior hs",52,"Bowling",154.8
"Prior hs",72.3,"Boxing",4.3
"Prior hs",343,"Breakout",31.8
"Prior hs",3489.1,"Centipede",11963
"Prior hs",4635,"Chopper Command",9882
"Prior hs",127512,"Crazy Climber",35411
"Prior hs",61277.5,"Demon Attack",3401
"Prior hs",16,"Double Dunk",-15.5
"Prior hs",1831,"Enduro",309.6
"Prior hs",9.8,"Fishing Derby",5.5
"Prior hs",28.9,"Freeway",29.6
"Prior hs",3510,"Frostbite",4355
"Prior hs",34858.8,"Gopher",2321
"Prior hs",269.5,"Gravitar",2672
"Prior hs",20889.9,"HERO",25763
"Prior hs",-0.2,"Ice Hockey",0.9
"Prior hs",3961,"James Bond",406.7
"Prior hs",12185,"Kangaroo",3035
"Prior hs",6872.8,"Krull",2395
"Prior hs",31676,"Kung-Fu Master",22736
"Prior hs",51,"Montezuma's Revenge",4367
"Prior hs",1865.9,"Ms. Pacman",15693
"Prior hs",10497.6,"Name This Game",4076
"Prior hs",18.9,"Pong",9.3
"Prior hs",670.7,"Private Eye",69571
"Prior hs",9944,"Q*Bert",13455
"Prior hs",11807.2,"River Raid",13513
"Prior hs",52264,"Road Runner",7845
"Prior hs",56.2,"Robotank",11.9
"Prior hs",25463.7,"Seaquest",20182
"Prior hs",3912.1,"Space Invaders",1652
"Prior hs",61582,"Star Gunner",10250
"Prior hs",-5.3,"Tennis",-8.9
"Prior hs",5963,"Time Pilot",5925
"Prior hs",56.9,"Tutankham",167.6
"Prior hs",12157.4,"Up and Down",9082
"Prior hs",94,"Venture",1188
"Prior hs",295972.8,"Video Pinball",17298
"Prior hs",5727,"Wizard of Wor",4757
"Prior hs",9474,"Zaxxon",9173
"Prior hs",16903.6,"Phoenix",2665.5
"Prior hs",-427,"Pitfall!",22736.3
"Prior hs",-10169.1,"Skiing",13455
"Prior hs",2272.8,"Solaris",17118
"Prior hs",4687.4,"Yars Revenge",5650
"Prior hs",23666.5,"Defender",18688.9
"Prior hs",5.9,"Surround",6.5
"Prior noop",4203.8,"Alien",6875
"Prior noop",1838.9,"Amidar",1676
"Prior noop",7672.1,"Assault",1496
"Prior noop",31527,"Asterix",8503
"Prior noop",2654.3,"Asteroids",13157
"Prior noop",357324,"Atlantis",29028
"Prior noop",1054.6,"Bank Heist",734.4
"Prior noop",31530,"Battle Zone",37800
"Prior noop",23384.2,"Beam Rider",7456
"Prior noop",1305.6,"Berzerk",2630.4
"Prior noop",47.9,"Bowling",154.8
"Prior noop",95.6,"Boxing",4.3
"Prior noop",373.9,"Breakout",31.8
"Prior noop",4463.2,"Centipede",11963
"Prior noop",8600,"Chopper Command",9882
"Prior noop",141161,"Crazy Climber",35411
"Prior noop",71846.4,"Demon Attack",3401
"Prior noop",18.5,"Double Dunk",-15.5
"Prior noop",2093,"Enduro",309.6
"Prior noop",39.5,"Fishing Derby",5.5
"Prior noop",33.7,"Freeway",29.6
"Prior noop",4380.1,"Frostbite",4355
"Prior noop",32487.2,"Gopher",2321
"Prior noop",548.5,"Gravitar",2672
"Prior noop",23037.7,"HERO",25763
"Prior noop",1.3,"Ice Hockey",0.9
"Prior noop",5148,"James Bond",406.7
"Prior noop",16200,"Kangaroo",3035
"Prior noop",9728,"Krull",2395
"Prior noop",39581,"Kung-Fu Master",22736
"Prior noop",0,"Montezuma's Revenge",4367
"Prior noop",6518.7,"Ms. Pacman",15693
"Prior noop",12270.5,"Name This Game",4076
"Prior noop",20.6,"Pong",9.3
"Prior noop",200,"Private Eye",69571
"Prior noop",16256.5,"Q*Bert",13455
"Prior noop",14522.3,"River Raid",13513
"Prior noop",57608,"Road Runner",7845
"Prior noop",62.6,"Robotank",11.9
"Prior noop",26357.8,"Seaquest",20182
"Prior noop",2865.8,"Space Invaders",1652
"Prior noop",63302,"Star Gunner",10250
"Prior noop",0,"Tennis",-8.9
"Prior noop",9197,"Time Pilot",5925
"Prior noop",204.6,"Tutankham",167.6
"Prior noop",16154.1,"Up and Down",9082
"Prior noop",54,"Venture",1188
"Prior noop",282007.3,"Video Pinball",17298
"Prior noop",4802,"Wizard of Wor",4757
"Prior noop",10469,"Zaxxon",9173
"Prior noop",18992.7,"Phoenix",2665.5
"Prior noop",-356.5,"Pitfall!",22736.3
"Prior noop",-9996.9,"Skiing",13455
"Prior noop",4309,"Solaris",17118
"Prior noop",11357,"Yars Revenge",5650
"Prior noop",31286.5,"Defender",18688.9
"Prior noop",8.9,"Surround",6.5
"Prior+Duel hs",823.7,"Alien",6875
"Prior+Duel hs",238.4,"Amidar",1676
"Prior+Duel hs",10950.6,"Assault",1496
"Prior+Duel hs",364200,"Asterix",8503
"Prior+Duel hs",1021.9,"Asteroids",13157
"Prior+Duel hs",423252,"Atlantis",29028
"Prior+Duel hs",1004.6,"Bank Heist",734.4
"Prior+Duel hs",30650,"Battle Zone",37800
"Prior+Duel hs",37412.2,"Beam Rider",7456
"Prior+Duel hs",2178.6,"Berzerk",2630.4
"Prior+Duel hs",50.4,"Bowling",154.8
"Prior+Duel hs",79.2,"Boxing",4.3
"Prior+Duel hs",354.6,"Breakout",31.8
"Prior+Duel hs",5570.2,"Centipede",11963
"Prior+Duel hs",8058,"Chopper Command",9882
"Prior+Duel hs",127853,"Crazy Climber",35411
"Prior+Duel hs",73371.3,"Demon Attack",3401
"Prior+Duel hs",-10.7,"Double Dunk",-15.5
"Prior+Duel hs",2223.9,"Enduro",309.6
"Prior+Duel hs",17,"Fishing Derby",5.5
"Prior+Duel hs",28.2,"Freeway",29.6
"Prior+Duel hs",4038.4,"Frostbite",4355
"Prior+Duel hs",105148.4,"Gopher",2321
"Prior+Duel hs",167,"Gravitar",2672
"Prior+Duel hs",15459.2,"HERO",25763
"Prior+Duel hs",0.5,"Ice Hockey",0.9
"Prior+Duel hs",585,"James Bond",406.7
"Prior+Duel hs",861,"Kangaroo",3035
"Prior+Duel hs",7658.6,"Krull",2395
"Prior+Duel hs",37484,"Kung-Fu Master",22736
"Prior+Duel hs",24,"Montezuma's Revenge",4367
"Prior+Duel hs",1007.8,"Ms. Pacman",15693
"Prior+Duel hs",13637.9,"Name This Game",4076
"Prior+Duel hs",18.4,"Pong",9.3
"Prior+Duel hs",1277.6,"Private Eye",69571
"Prior+Duel hs",14063,"Q*Bert",13455
"Prior+Duel hs",16496.8,"River Raid",13513
"Prior+Duel hs",54630,"Road Runner",7845
"Prior+Duel hs",24.7,"Robotank",11.9
"Prior+Duel hs",1431.2,"Seaquest",20182
"Prior+Duel hs",8978,"Space Invaders",1652
"Prior+Duel hs",127073,"Star Gunner",10250
"Prior+Duel hs",-13.2,"Tennis",-8.9
"Prior+Duel hs",4871,"Time Pilot",5925
"Prior+Duel hs",108.6,"Tutankham",167.6
"Prior+Duel hs",22681.3,"Up and Down",9082
"Prior+Duel hs",29,"Venture",1188
"Prior+Duel hs",447408.6,"Video Pinball",17298
"Prior+Duel hs",10471,"Wizard of Wor",4757
"Prior+Duel hs",11320,"Zaxxon",9173
"Prior+Duel hs",63597,"Phoenix",2665.5
"Prior+Duel hs",-243.6,"Pitfall!",22736.3
"Prior+Duel hs",-18955.8,"Skiing",13455
"Prior+Duel hs",280.6,"Solaris",17118
"Prior+Duel hs",58145.9,"Yars Revenge",5650
"Prior+Duel hs",34415,"Defender",18688.9
"Prior+Duel hs",-0.2,"Surround",6.5
"Prior+Duel noop",3941,"Alien",6875
"Prior+Duel noop",2296.8,"Amidar",1676
"Prior+Duel noop",11477,"Assault",1496
"Prior+Duel noop",375080,"Asterix",8503
"Prior+Duel noop",1192.7,"Asteroids",13157
"Prior+Duel noop",395762,"Atlantis",29028
"Prior+Duel noop",1503.1,"Bank Heist",734.4
"Prior+Duel noop",35520,"Battle Zone",37800
"Prior+Duel noop",30276.5,"Beam Rider",7456
"Prior+Duel noop",3409,"Berzerk",2630.4
"Prior+Duel noop",46.7,"Bowling",154.8
"Prior+Duel noop",98.9,"Boxing",4.3
"Prior+Duel noop",366,"Breakout",31.8
"Prior+Duel noop",7687.5,"Centipede",11963
"Prior+Duel noop",13185,"Chopper Command",9882
"Prior+Duel noop",162224,"Crazy Climber",35411
"Prior+Duel noop",72878.6,"Demon Attack",3401
"Prior+Duel noop",-12.5,"Double Dunk",-15.5
"Prior+Duel noop",2306.4,"Enduro",309.6
"Prior+Duel noop",41.3,"Fishing Derby",5.5
"Prior+Duel noop",33,"Freeway",29.6
"Prior+Duel noop",7413,"Frostbite",4355
"Prior+Duel noop",104368.2,"Gopher",2321
"Prior+Duel noop",238,"Gravitar",2672
"Prior+Duel noop",21036.5,"HERO",25763
"Prior+Duel noop",-0.4,"Ice Hockey",0.9
"Prior+Duel noop",812,"James Bond",406.7
"Prior+Duel noop",1792,"Kangaroo",3035
"Prior+Duel noop",10374.4,"Krull",2395
"Prior+Duel noop",48375,"Kung-Fu Master",22736
"Prior+Duel noop",0,"Montezuma's Revenge",4367
"Prior+Duel noop",3327.3,"Ms. Pacman",15693
"Prior+Duel noop",15572.5,"Name This Game",4076
"Prior+Duel noop",20.9,"Pong",9.3
"Prior+Duel noop",206,"Private Eye",69571
"Prior+Duel noop",18760.3,"Q*Bert",13455
"Prior+Duel noop",20607.6,"River Raid",13513
"Prior+Duel noop",62151,"Road Runner",7845
"Prior+Duel noop",27.5,"Robotank",11.9
"Prior+Duel noop",931.6,"Seaquest",20182
"Prior+Duel noop",15311.5,"Space Invaders",1652
"Prior+Duel noop",125117,"Star Gunner",10250
"Prior+Duel noop",0,"Tennis",-8.9
"Prior+Duel noop",7553,"Time Pilot",5925
"Prior+Duel noop",245.9,"Tutankham",167.6
"Prior+Duel noop",33879.1,"Up and Down",9082
"Prior+Duel noop",48,"Venture",1188
"Prior+Duel noop",479197,"Video Pinball",17298
"Prior+Duel noop",12352,"Wizard of Wor",4757
"Prior+Duel noop",13886,"Zaxxon",9173
"Prior+Duel noop",70324.3,"Phoenix",2665.5
"Prior+Duel noop",0,"Pitfall!",22736.3
"Prior+Duel noop",-19949.9,"Skiing",13455
"Prior+Duel noop",133.4,"Solaris",17118
"Prior+Duel noop",69618.1,"Yars Revenge",5650
"Prior+Duel noop",41324.5,"Defender",18688.9
"Prior+Duel noop",1.2,"Surround",6.5
"SARSA",103.2,"Alien",6875
"SARSA",183.6,"Amidar",1676
"SARSA",537,"Assault",1496
"SARSA",1332,"Asterix",8503
"SARSA",89,"Asteroids",13157
"SARSA",852.9,"Atlantis",29028
"SARSA",67.4,"Bank Heist",734.4
"SARSA",16.2,"Battle Zone",37800
"SARSA",1743,"Beam Rider",7456
"SARSA",36.4,"Bowling",154.8
"SARSA",9.8,"Boxing",4.3
"SARSA",6.1,"Breakout",31.8
"SARSA",4647,"Centipede",11963
"SARSA",16.9,"Chopper Command",9882
"SARSA",149.8,"Crazy Climber",35411
"SARSA",0,"Demon Attack",3401
"SARSA",-16,"Double Dunk",-15.5
"SARSA",159.4,"Enduro",309.6
"SARSA",-85.1,"Fishing Derby",5.5
"SARSA",19.7,"Freeway",29.6
"SARSA",180.9,"Frostbite",4355
"SARSA",2368,"Gopher",2321
"SARSA",429,"Gravitar",2672
"SARSA",7295,"HERO",25763
"SARSA",-3.2,"Ice Hockey",0.9
"SARSA",354.1,"James Bond",406.7
"SARSA",8.8,"Kangaroo",3035
"SARSA",3341,"Krull",2395
"SARSA",29151,"Kung-Fu Master",22736
"SARSA",259,"Montezuma's Revenge",4367
"SARSA",1227,"Ms. Pacman",15693
"SARSA",2247,"Name This Game",4076
"SARSA",-17.4,"Pong",9.3
"SARSA",86,"Private Eye",69571
"SARSA",960.3,"Q*Bert",13455
"SARSA",2650,"River Raid",13513
"SARSA",89.1,"Road Runner",7845
"SARSA",12.4,"Robotank",11.9
"SARSA",675.5,"Seaquest",20182
"SARSA",267.9,"Space Invaders",1652
"SARSA",9.4,"Star Gunner",10250
"SARSA",0,"Tennis",-8.9
"SARSA",24.9,"Time Pilot",5925
"SARSA",98.2,"Tutankham",167.6
"SARSA",2449,"Up and Down",9082
"SARSA",0.6,"Venture",1188
"SARSA",19761,"Video Pinball",17298
"SARSA",36.9,"Wizard of Wor",4757
"SARSA",21.4,"Zaxxon",9173
"Sarsa-e",29.9,"Freeway",29.6
"Sarsa-e",1394.3,"Frostbite",4355
"Sarsa-e",399.5,"Montezuma's Revenge",4367
"Sarsa-e",3895.3,"Q*Bert",13455
"Sarsa-e",0,"Venture",1188
"Sarsa-f-EB",0,"Freeway",29.6
"Sarsa-f-EB",2770.1,"Frostbite",4355
"Sarsa-f-EB",2745.4,"Montezuma's Revenge",4367
"Sarsa-f-EB",4111.8,"Q*Bert",13455
"Sarsa-f-EB",1169.2,"Venture",1188
"A3C-CTS",1945.66,"Alien",6875
"A3C-CTS",861.14,"Amidar",1676
"A3C-CTS",2584.4,"Assault",1496
"A3C-CTS",7922.7,"Asterix",8503
"A3C-CTS",2406.57,"Asteroids",13157
"A3C-CTS",1801392.35,"Atlantis",29028
"A3C-CTS",1182.89,"Bank Heist",734.4
"A3C-CTS",7969.06,"Battle Zone",37800
"A3C-CTS",6723.89,"Beam Rider",7456
"A3C-CTS",1863.6,"Berzerk",2630.4
"A3C-CTS",75.97,"Bowling",154.8
"A3C-CTS",15.75,"Boxing",4.3
"A3C-CTS",473.93,"Breakout",31.8
"A3C-CTS",5442.94,"Centipede",11963
"A3C-CTS",5088.17,"Chopper Command",9882
"A3C-CTS",112885.03,"Crazy Climber",35411
"A3C-CTS",30930.33,"Demon Attack",3401
"A3C-CTS",-7.84,"Double Dunk",-15.5
"A3C-CTS",694.83,"Enduro",309.6
"A3C-CTS",31.11,"Fishing Derby",5.5
"A3C-CTS",30.48,"Freeway",29.6
"A3C-CTS",325.42,"Frostbite",4355
"A3C-CTS",6611.28,"Gopher",2321
"A3C-CTS",238.68,"Gravitar",2672
"A3C-CTS",15210.62,"HERO",25763
"A3C-CTS",-6.45,"Ice Hockey",0.9
"A3C-CTS",1001.19,"James Bond",406.7
"A3C-CTS",4883.53,"Kangaroo",3035
"A3C-CTS",8605.27,"Krull",2395
"A3C-CTS",28615.43,"Kung-Fu Master",22736
"A3C-CTS",273.7,"Montezuma's Revenge",4367
"A3C-CTS",2401.04,"Ms. Pacman",15693
"A3C-CTS",7021.3,"Name This Game",4076
"A3C-CTS",20.75,"Pong",9.3
"A3C-CTS",99.32,"Private Eye",69571
"A3C-CTS",19257.55,"Q*Bert",13455
"A3C-CTS",10712.54,"River Raid",13513
"A3C-CTS",50645.74,"Road Runner",7845
"A3C-CTS",7.68,"Robotank",11.9
"A3C-CTS",2015.55,"Seaquest",20182
"A3C-CTS",1531.64,"Space Invaders",1652
"A3C-CTS",55233.43,"Star Gunner",10250
"A3C-CTS",-23.06,"Tennis",-8.9
"A3C-CTS",4103,"Time Pilot",5925
"A3C-CTS",112.14,"Tutankham",167.6
"A3C-CTS",23106.24,"Up and Down",9082
"A3C-CTS",0,"Venture",1188
"A3C-CTS",97372.8,"Video Pinball",17298
"A3C-CTS",3355.09,"Wizard of Wor",4757
"A3C-CTS",7451.25,"Zaxxon",9173
"A3C-CTS",23818.47,"Phoenix",2665.5
"A3C-CTS",-259.09,"Pitfall!",22736.3
"A3C-CTS",-22177.5,"Skiing",13455
"A3C-CTS",2270.15,"Solaris",17118
"A3C-CTS",13398.73,"Yars Revenge",5650
"A3C-CTS",38976.66,"Defender",18688.9
"A3C-CTS",-7.21,"Surround",6.5
"TRPO-hash",34,"Freeway",29.6
"TRPO-hash",5214,"Frostbite",4355
"TRPO-hash",75,"Montezuma's Revenge",4367
"TRPO-hash",445,"Venture",1188
"TRPO-hash",412,"Gravitar",2672
"TRPO-hash",4467,"Solaris",17118
"REACTOR ND noop",4199.4,"Alien",7127.7
"REACTOR ND noop",1546.8,"Amidar",1719.5
"REACTOR ND noop",17543.8,"Assault",742
"REACTOR ND noop",16121,"Asterix",8503.3
"REACTOR ND noop",4467.4,"Asteroids",47388.7
"REACTOR ND noop",968179.5,"Atlantis",29028.1
"REACTOR ND noop",1236.8,"Bank Heist",753.1
"REACTOR ND noop",98235,"Battle Zone",37187.5
"REACTOR ND noop",8811.8,"Beam Rider",16926.5
"REACTOR ND noop",1515.7,"Berzerk",2630.4
"REACTOR ND noop",59.3,"Bowling",160.7
"REACTOR ND noop",99.7,"Boxing",12.1
"REACTOR ND noop",509.5,"Breakout",30.5
"REACTOR ND noop",7267.2,"Centipede",12017
"REACTOR ND noop",19901.5,"Chopper Command",7387.8
"REACTOR ND noop",173274,"Crazy Climber",35829.4
"REACTOR ND noop",181074.3,"Defender",18688.9
"REACTOR ND noop",122782.5,"Demon Attack",1971
"REACTOR ND noop",23,"Double Dunk",-16.4
"REACTOR ND noop",2211.3,"Enduro",860.5
"REACTOR ND noop",33.1,"Fishing Derby",-38.7
"REACTOR ND noop",22.3,"Freeway",29.6
"REACTOR ND noop",7136.7,"Frostbite",4334.7
"REACTOR ND noop",36279.1,"Gopher",2412.5
"REACTOR ND noop",1804.8,"Gravitar",3351.4
"REACTOR ND noop",27833,"HERO",30826.4
"REACTOR ND noop",15.7,"Ice Hockey",0.9
"REACTOR ND noop",14524,"James Bond",302.8
"REACTOR ND noop",13349,"Kangaroo",3035
"REACTOR ND noop",10237.8,"Krull",2665.5
"REACTOR ND noop",61621.5,"Kung-Fu Master",22736.3
"REACTOR ND noop",0,"Montezuma's Revenge",4753.3
"REACTOR ND noop",4416.9,"Ms. Pacman",6951.6
"REACTOR ND noop",12636.5,"Name This Game",8049
"REACTOR ND noop",10261.4,"Phoenix",7242.6
"REACTOR ND noop",-3.7,"Pitfall!",6463.7
"REACTOR ND noop",20.7,"Pong",14.6
"REACTOR ND noop",15198,"Private Eye",69571.3
"REACTOR ND noop",21222.5,"Q*Bert",13455
"REACTOR ND noop",16957.3,"River Raid",17118
"REACTOR ND noop",66790.5,"Road Runner",7845
"REACTOR ND noop",71.8,"Robotank",11.9
"REACTOR ND noop",5071.6,"Seaquest",42054.7
"REACTOR ND noop",-10632.9,"Skiing",-4336.9
"REACTOR ND noop",2236,"Solaris",12326.7
"REACTOR ND noop",2387.1,"Space Invaders",1668.7
"REACTOR ND noop",48942,"Star Gunner",10250
"REACTOR ND noop",0.9,"Surround",6.5
"REACTOR ND noop",23.4,"Tennis",-8.3
"REACTOR ND noop",18871.5,"Time Pilot",5229.2
"REACTOR ND noop",263.2,"Tutankham",167.6
"REACTOR ND noop",194989.5,"Up and Down",11693.2
"REACTOR ND noop",0,"Venture",1187.5
"REACTOR ND noop",261720.2,"Video Pinball",17667.9
"REACTOR ND noop",18484,"Wizard of Wor",4756.5
"REACTOR ND noop",109607.5,"Yars Revenge",54576.9
"REACTOR ND noop",16525,"Zaxxon",9173.3
"REACTOR noop",6482.1,"Alien",7127.7
"REACTOR noop",833,"Amidar",1719.5
"REACTOR noop",11013.5,"Assault",742
"REACTOR noop",36238.5,"Asterix",8503.3
"REACTOR noop",2780.4,"Asteroids",47388.7
"REACTOR noop",308258,"Atlantis",29028.1
"REACTOR noop",988.7,"Bank Heist",753.1
"REACTOR noop",61220,"Battle Zone",37187.5
"REACTOR noop",8566.5,"Beam Rider",16926.5
"REACTOR noop",1641.4,"Berzerk",2630.4
"REACTOR noop",75.4,"Bowling",160.7
"REACTOR noop",99.4,"Boxing",12.1
"REACTOR noop",518.4,"Breakout",30.5
"REACTOR noop",3402.8,"Centipede",12017
"REACTOR noop",37568,"Chopper Command",7387.8
"REACTOR noop",194347,"Crazy Climber",35829.4
"REACTOR noop",113128,"Defender",18688.9
"REACTOR noop",100189,"Demon Attack",1971
"REACTOR noop",11.4,"Double Dunk",-16.4
"REACTOR noop",2230.1,"Enduro",860.5
"REACTOR noop",23.2,"Fishing Derby",-38.7
"REACTOR noop",31.4,"Freeway",29.6
"REACTOR noop",8042.1,"Frostbite",4334.7
"REACTOR noop",69135.1,"Gopher",2412.5
"REACTOR noop",1073.8,"Gravitar",3351.4
"REACTOR noop",35542.2,"HERO",30826.4
"REACTOR noop",3.4,"Ice Hockey",0.9
"REACTOR noop",7869.2,"James Bond",302.8
"REACTOR noop",10484.5,"Kangaroo",3035
"REACTOR noop",9930.8,"Krull",2665.5
"REACTOR noop",59799.5,"Kung-Fu Master",22736.3
"REACTOR noop",2643.5,"Montezuma's Revenge",4753.3
"REACTOR noop",2724.3,"Ms. Pacman",6951.6
"REACTOR noop",9907.2,"Name This Game",8049
"REACTOR noop",40092.2,"Phoenix",7242.6
"REACTOR noop",-3.5,"Pitfall!",6463.7
"REACTOR noop",20.7,"Pong",14.6
"REACTOR noop",15177.1,"Private Eye",69571.3
"REACTOR noop",22956.5,"Q*Bert",13455
"REACTOR noop",16608.3,"River Raid",17118
"REACTOR noop",71168,"Road Runner",7845
"REACTOR noop",68.5,"Robotank",11.9
"REACTOR noop",8425.8,"Seaquest",42054.7
"REACTOR noop",-10753.4,"Skiing",-4336.9
"REACTOR noop",2760,"Solaris",12326.7
"REACTOR noop",2448.6,"Space Invaders",1668.7
"REACTOR noop",70038,"Star Gunner",10250
"REACTOR noop",6.7,"Surround",6.5
"REACTOR noop",23.3,"Tennis",-8.3
"REACTOR noop",19401,"Time Pilot",5229.2
"REACTOR noop",272.6,"Tutankham",167.6
"REACTOR noop",64354.2,"Up and Down",11693.2
"REACTOR noop",1597.5,"Venture",1187.5
"REACTOR noop",469366,"Video Pinball",17667.9
"REACTOR noop",13170.5,"Wizard of Wor",4756.5
"REACTOR noop",102760,"Yars Revenge",54576.9
"REACTOR noop",25215.5,"Zaxxon",9173.3
"REACTOR 500 noop",12689.1,"Alien",7127.7
"REACTOR 500 noop",1015.8,"Amidar",1719.5
"REACTOR 500 noop",8323.3,"Assault",742
"REACTOR 500 noop",205914,"Asterix",8503.3
"REACTOR 500 noop",3726.1,"Asteroids",47388.7
"REACTOR 500 noop",302831,"Atlantis",29028.1
"REACTOR 500 noop",1259.7,"Bank Heist",753.1
"REACTOR 500 noop",64070,"Battle Zone",37187.5
"REACTOR 500 noop",11033.4,"Beam Rider",16926.5
"REACTOR 500 noop",2303.1,"Berzerk",2630.4
"REACTOR 500 noop",81,"Bowling",160.7
"REACTOR 500 noop",99.4,"Boxing",12.1
"REACTOR 500 noop",514.8,"Breakout",30.5
"REACTOR 500 noop",3422,"Centipede",12017
"REACTOR 500 noop",107779,"Chopper Command",7387.8
"REACTOR 500 noop",236422,"Crazy Climber",35829.4
"REACTOR 500 noop",223025,"Defender",18688.9
"REACTOR 500 noop",115154,"Demon Attack",1971
"REACTOR 500 noop",23,"Double Dunk",-16.4
"REACTOR 500 noop",2224.2,"Enduro",860.5
"REACTOR 500 noop",30.4,"Fishing Derby",-38.7
"REACTOR 500 noop",31.5,"Freeway",29.6
"REACTOR 500 noop",7932.2,"Frostbite",4334.7
"REACTOR 500 noop",89851,"Gopher",2412.5
"REACTOR 500 noop",2041.8,"Gravitar",3351.4
"REACTOR 500 noop",43360.4,"HERO",30826.4
"REACTOR 500 noop",10.7,"Ice Hockey",0.9
"REACTOR 500 noop",16056.2,"James Bond",302.8
"REACTOR 500 noop",11266.5,"Kangaroo",3035
"REACTOR 500 noop",9896,"Krull",2665.5
"REACTOR 500 noop",65836.5,"Kung-Fu Master",22736.3
"REACTOR 500 noop",2643.5,"Montezuma's Revenge",4753.3
"REACTOR 500 noop",3749.2,"Ms. Pacman",6951.6
"REACTOR 500 noop",9543.8,"Name This Game",8049
"REACTOR 500 noop",46536.4,"Phoenix",7242.6
"REACTOR 500 noop",-8.9,"Pitfall!",6463.7
"REACTOR 500 noop",20.6,"Pong",14.6
"REACTOR 500 noop",15188.8,"Private Eye",69571.3
"REACTOR 500 noop",21509.2,"Q*Bert",13455
"REACTOR 500 noop",17380.7,"River Raid",17118
"REACTOR 500 noop",111310,"Road Runner",7845
"REACTOR 500 noop",70.4,"Robotank",11.9
"REACTOR 500 noop",20994.1,"Seaquest",42054.7
"REACTOR 500 noop",-10870.6,"Skiing",-4336.9
"REACTOR 500 noop",2099.6,"Solaris",12326.7
"REACTOR 500 noop",10153.9,"Space Invaders",1668.7
"REACTOR 500 noop",79521.5,"Star Gunner",10250
"REACTOR 500 noop",7,"Surround",6.5
"REACTOR 500 noop",23.6,"Tennis",-8.3
"REACTOR 500 noop",18841.5,"Time Pilot",5229.2
"REACTOR 500 noop",275.4,"Tutankham",167.6
"REACTOR 500 noop",70790.4,"Up and Down",11693.2
"REACTOR 500 noop",1653.5,"Venture",1187.5
"REACTOR 500 noop",496101,"Video Pinball",17667.9
"REACTOR 500 noop",19530.5,"Wizard of Wor",4756.5
"REACTOR 500 noop",148855,"Yars Revenge",54576.9
"REACTOR 500 noop",27582.5,"Zaxxon",9173.3
"REACTOR ND hs",924.1,"Alien",7127.7
"REACTOR ND hs",174.8,"Amidar",1719.5
"REACTOR ND hs",15041.2,"Assault",742
"REACTOR ND hs",7269.8,"Asterix",8503.3
"REACTOR ND hs",3764.4,"Asteroids",47388.7
"REACTOR ND hs",897803.5,"Atlantis",29028.1
"REACTOR ND hs",852.8,"Bank Heist",753.1
"REACTOR ND hs",84985,"Battle Zone",37187.5
"REACTOR ND hs",9298.9,"Beam Rider",16926.5
"REACTOR ND hs",1221.3,"Berzerk",2630.4
"REACTOR ND hs",63.7,"Bowling",160.7
"REACTOR ND hs",60.2,"Boxing",12.1
"REACTOR ND hs",459,"Breakout",30.5
"REACTOR ND hs",3974.5,"Centipede",12017
"REACTOR ND hs",17312,"Chopper Command",7387.8
"REACTOR ND hs",151295,"Crazy Climber",35829.4
"REACTOR ND hs",162327.5,"Defender",18688.9
"REACTOR ND hs",120682.2,"Demon Attack",1971
"REACTOR ND hs",22.2,"Double Dunk",-16.4
"REACTOR ND hs",2054.3,"Enduro",860.5
"REACTOR ND hs",23.2,"Fishing Derby",-38.7
"REACTOR ND hs",19.4,"Freeway",29.6
"REACTOR ND hs",3497.8,"Frostbite",4334.7
"REACTOR ND hs",36286.2,"Gopher",2412.5
"REACTOR ND hs",544,"Gravitar",3351.4
"REACTOR ND hs",22673.3,"HERO",30826.4
"REACTOR ND hs",11.1,"Ice Hockey",0.9
"REACTOR ND hs",12655.3,"James Bond",302.8
"REACTOR ND hs",9111,"Kangaroo",3035
"REACTOR ND hs",7450.1,"Krull",2665.5
"REACTOR ND hs",48781.5,"Kung-Fu Master",22736.3
"REACTOR ND hs",45,"Montezuma's Revenge",4753.3
"REACTOR ND hs",1102.4,"Ms. Pacman",6951.6
"REACTOR ND hs",11359.7,"Name This Game",8049
"REACTOR ND hs",8650.4,"Phoenix",7242.6
"REACTOR ND hs",-99.2,"Pitfall!",6463.7
"REACTOR ND hs",18.5,"Pong",14.6
"REACTOR ND hs",5638.1,"Private Eye",69571.3
"REACTOR ND hs",18117.8,"Q*Bert",13455
"REACTOR ND hs",12074,"River Raid",17118
"REACTOR ND hs",58568.5,"Road Runner",7845
"REACTOR ND hs",67.1,"Robotank",11.9
"REACTOR ND hs",3802.3,"Seaquest",42054.7
"REACTOR ND hs",-9461.8,"Skiing",-4336.9
"REACTOR ND hs",2000.1,"Solaris",12326.7
"REACTOR ND hs",1240.9,"Space Invaders",1668.7
"REACTOR ND hs",47532,"Star Gunner",10250
"REACTOR ND hs",0.3,"Surround",6.5
"REACTOR ND hs",22.5,"Tennis",-8.3
"REACTOR ND hs",15860.5,"Time Pilot",5229.2
"REACTOR ND hs",162.3,"Tutankham",167.6
"REACTOR ND hs",123798.7,"Up and Down",11693.2
"REACTOR ND hs",26,"Venture",1187.5
"REACTOR ND hs",273249,"Video Pinball",17667.9
"REACTOR ND hs",15265.5,"Wizard of Wor",4756.5
"REACTOR ND hs",87928.9,"Yars Revenge",54576.9
"REACTOR ND hs",14155.5,"Zaxxon",9173.3
"REACTOR hs",2763.9,"Alien",7127.7
"REACTOR hs",423,"Amidar",1719.5
"REACTOR hs",9994.2,"Assault",742
"REACTOR hs",26240.8,"Asterix",8503.3
"REACTOR hs",2771.3,"Asteroids",47388.7
"REACTOR hs",280809.5,"Atlantis",29028.1
"REACTOR hs",710.1,"Bank Heist",753.1
"REACTOR hs",52300,"Battle Zone",37187.5
"REACTOR hs",9941.6,"Beam Rider",16926.5
"REACTOR hs",1186,"Berzerk",2630.4
"REACTOR hs",72.4,"Bowling",160.7
"REACTOR hs",75.1,"Boxing",12.1
"REACTOR hs",465.5,"Breakout",30.5
"REACTOR hs",2584,"Centipede",12017
"REACTOR hs",33150,"Chopper Command",7387.8
"REACTOR hs",182399,"Crazy Climber",35829.4
"REACTOR hs",110446.3,"Defender",18688.9
"REACTOR hs",101435.4,"Demon Attack",1971
"REACTOR hs",11,"Double Dunk",-16.4
"REACTOR hs",2127,"Enduro",860.5
"REACTOR hs",17.7,"Fishing Derby",-38.7
"REACTOR hs",26.9,"Freeway",29.6
"REACTOR hs",4358.7,"Frostbite",4334.7
"REACTOR hs",60743.2,"Gopher",2412.5
"REACTOR hs",583,"Gravitar",3351.4
"REACTOR hs",30253.7,"HERO",30826.4
"REACTOR hs",0.9,"Ice Hockey",0.9
"REACTOR hs",6741,"James Bond",302.8
"REACTOR hs",5143.5,"Kangaroo",3035
"REACTOR hs",7815.9,"Krull",2665.5
"REACTOR hs",49767.9,"Kung-Fu Master",22736.3
"REACTOR hs",984,"Montezuma's Revenge",4753.3
"REACTOR hs",1714.6,"Ms. Pacman",6951.6
"REACTOR hs",8288.8,"Name This Game",8049
"REACTOR hs",34956.5,"Phoenix",7242.6
"REACTOR hs",-138.8,"Pitfall!",6463.7
"REACTOR hs",17.9,"Pong",14.6
"REACTOR hs",5751.4,"Private Eye",69571.3
"REACTOR hs",20689.3,"Q*Bert",13455
"REACTOR hs",11987.3,"River Raid",17118
"REACTOR hs",66247,"Road Runner",7845
"REACTOR hs",63.7,"Robotank",11.9
"REACTOR hs",10694,"Seaquest",42054.7
"REACTOR hs",-11809.5,"Skiing",-4336.9
"REACTOR hs",1740.7,"Solaris",12326.7
"REACTOR hs",2010.2,"Space Invaders",1668.7
"REACTOR hs",67384.5,"Star Gunner",10250
"REACTOR hs",5.1,"Surround",6.5
"REACTOR hs",22.1,"Tennis",-8.3
"REACTOR hs",17205,"Time Pilot",5229.2
"REACTOR hs",164.6,"Tutankham",167.6
"REACTOR hs",48148.6,"Up and Down",11693.2
"REACTOR hs",782,"Venture",1187.5
"REACTOR hs",484384.2,"Video Pinball",17667.9
"REACTOR hs",10995,"Wizard of Wor",4756.5
"REACTOR hs",82113.5,"Yars Revenge",54576.9
"REACTOR hs",20644,"Zaxxon",9173.3
"REACTOR 500 hs",4958.6,"Alien",7127.7
"REACTOR 500 hs",503.2,"Amidar",1719.5
"REACTOR 500 hs",6713.8,"Assault",742
"REACTOR 500 hs",191948,"Asterix",8503.3
"REACTOR 500 hs",4215,"Asteroids",47388.7
"REACTOR 500 hs",274196,"Atlantis",29028.1
"REACTOR 500 hs",876,"Bank Heist",753.1
"REACTOR 500 hs",57075,"Battle Zone",37187.5
"REACTOR 500 hs",12877,"Beam Rider",16926.5
"REACTOR 500 hs",1643.4,"Berzerk",2630.4
"REACTOR 500 hs",76,"Bowling",160.7
"REACTOR 500 hs",55.6,"Boxing",12.1
"REACTOR 500 hs",478.4,"Breakout",30.5
"REACTOR 500 hs",2674.3,"Centipede",12017
"REACTOR 500 hs",71442.5,"Chopper Command",7387.8
"REACTOR 500 hs",209784,"Crazy Climber",35829.4
"REACTOR 500 hs",221671,"Defender",18688.9
"REACTOR 500 hs",113853,"Demon Attack",1971
"REACTOR 500 hs",22,"Double Dunk",-16.4
"REACTOR 500 hs",2138.3,"Enduro",860.5
"REACTOR 500 hs",21.7,"Fishing Derby",-38.7
"REACTOR 500 hs",26.9,"Freeway",29.6
"REACTOR 500 hs",4743.5,"Frostbite",4334.7
"REACTOR 500 hs",89306.8,"Gopher",2412.5
"REACTOR 500 hs",779.8,"Gravitar",3351.4
"REACTOR 500 hs",37833.4,"HERO",30826.4
"REACTOR 500 hs",4.9,"Ice Hockey",0.9
"REACTOR 500 hs",13987.5,"James Bond",302.8
"REACTOR 500 hs",5587.5,"Kangaroo",3035
"REACTOR 500 hs",7621.8,"Krull",2665.5
"REACTOR 500 hs",55357.7,"Kung-Fu Master",22736.3
"REACTOR 500 hs",1045.5,"Montezuma's Revenge",4753.3
"REACTOR 500 hs",2540.1,"Ms. Pacman",6951.6
"REACTOR 500 hs",8207.7,"Name This Game",8049
"REACTOR 500 hs",41426.7,"Phoenix",7242.6
"REACTOR 500 hs",-146.9,"Pitfall!",6463.7
"REACTOR 500 hs",18,"Pong",14.6
"REACTOR 500 hs",5309.4,"Private Eye",69571.3
"REACTOR 500 hs",19505.8,"Q*Bert",13455
"REACTOR 500 hs",13032.9,"River Raid",17118
"REACTOR 500 hs",97663.5,"Road Runner",7845
"REACTOR 500 hs",64.2,"Robotank",11.9
"REACTOR 500 hs",25887.9,"Seaquest",42054.7
"REACTOR 500 hs",-11904.4,"Skiing",-4336.9
"REACTOR 500 hs",1728.3,"Solaris",12326.7
"REACTOR 500 hs",7950.9,"Space Invaders",1668.7
"REACTOR 500 hs",74451.5,"Star Gunner",10250
"REACTOR 500 hs",5.5,"Surround",6.5
"REACTOR 500 hs",22.8,"Tennis",-8.3
"REACTOR 500 hs",16929.5,"Time Pilot",5229.2
"REACTOR 500 hs",162.9,"Tutankham",167.6
"REACTOR 500 hs",49310.4,"Up and Down",11693.2
"REACTOR 500 hs",810,"Venture",1187.5
"REACTOR 500 hs",538975,"Video Pinball",17667.9
"REACTOR 500 hs",16731.5,"Wizard of Wor",4756.5
"REACTOR 500 hs",129871,"Yars Revenge",54576.9
"REACTOR 500 hs",25147.5,"Zaxxon",9173.3
"RAINBOW noop",9491.7,"Alien",7127.7
"RAINBOW noop",5131.2,"Amidar",1719.5
"RAINBOW noop",14198.5,"Assault",742
"RAINBOW noop",428200.3,"Asterix",8503.3
"RAINBOW noop",2712.8,"Asteroids",47388.7
"RAINBOW noop",826659.5,"Atlantis",29028.1
"RAINBOW noop",1358,"Bank Heist",753.1
"RAINBOW noop",62010,"Battle Zone",37187.5
"RAINBOW noop",16850.2,"Beam Rider",16926.5
"RAINBOW noop",2545.6,"Berzerk",2630.4
"RAINBOW noop",30,"Bowling",160.7
"RAINBOW noop",99.6,"Boxing",12.1
"RAINBOW noop",417.5,"Breakout",30.5
"RAINBOW noop",8167.3,"Centipede",12017
"RAINBOW noop",16654,"Chopper Command",7387.8
"RAINBOW noop",168788.5,"Crazy Climber",35829.4
"RAINBOW noop",55105,"Defender",18688.9
"RAINBOW noop",111185.2,"Demon Attack",1971
"RAINBOW noop",-0.3,"Double Dunk",-16.4
"RAINBOW noop",2125.9,"Enduro",860.5
"RAINBOW noop",31.3,"Fishing Derby",-38.7
"RAINBOW noop",34,"Freeway",29.6
"RAINBOW noop",9590.5,"Frostbite",4334.7
"RAINBOW noop",70354.6,"Gopher",2412.5
"RAINBOW noop",1419.3,"Gravitar",3351.4
"RAINBOW noop",55887.4,"HERO",30826.4
"RAINBOW noop",1.1,"Ice Hockey",0.9
"RAINBOW noop",19809,"James Bond",302.8
"RAINBOW noop",14637.5,"Kangaroo",3035
"RAINBOW noop",8741.5,"Krull",2665.5
"RAINBOW noop",52181,"Kung-Fu Master",22736.3
"RAINBOW noop",384,"Montezuma's Revenge",4753.3
"RAINBOW noop",5380.4,"Ms. Pacman",6951.6
"RAINBOW noop",13136,"Name This Game",8049
"RAINBOW noop",108528.6,"Phoenix",7242.6
"RAINBOW noop",0,"Pitfall!",6463.7
"RAINBOW noop",20.9,"Pong",14.6
"RAINBOW noop",4234,"Private Eye",69571.3
"RAINBOW noop",33817.5,"Q*Bert",13455
"RAINBOW noop",22920.8,"River Raid",17118
"RAINBOW noop",62041,"Road Runner",7845
"RAINBOW noop",61.4,"Robotank",11.9
"RAINBOW noop",15898.9,"Seaquest",42054.7
"RAINBOW noop",-12957.8,"Skiing",-4336.9
"RAINBOW noop",3560.3,"Solaris",12326.7
"RAINBOW noop",18789,"Space Invaders",1668.7
"RAINBOW noop",127029,"Star Gunner",10250
"RAINBOW noop",9.7,"Surround",6.5
"RAINBOW noop",0,"Tennis",-8.3
"RAINBOW noop",12926,"Time Pilot",5229.2
"RAINBOW noop",241,"Tutankham",167.6
"RAINBOW noop",125754.6,"Up and Down",11693.2
"RAINBOW noop",5.5,"Venture",1187.5
"RAINBOW noop",533936.5,"Video Pinball",17667.9
"RAINBOW noop",17862.5,"Wizard of Wor",4756.5
"RAINBOW noop",102557,"Yars Revenge",54576.9
"RAINBOW noop",22209.5,"Zaxxon",9173.3
"RAINBOW hs",6022.9,"Alien",6371.3
"RAINBOW hs",202.8,"Amidar",1540.4
"RAINBOW hs",14491.7,"Assault",628.9
"RAINBOW hs",280114,"Asterix",7536
"RAINBOW hs",2249.4,"Asteroids",36517.3
"RAINBOW hs",814684,"Atlantis",26575
"RAINBOW hs",826,"Bank Heist",644.5
"RAINBOW hs",52040,"Battle Zone",33030
"RAINBOW hs",21768.5,"Beam Rider",14961
"RAINBOW hs",1793.4,"Berzerk",2237.5
"RAINBOW hs",39.4,"Bowling",146.5
"RAINBOW hs",54.9,"Boxing",9.6
"RAINBOW hs",379.5,"Breakout",27.9
"RAINBOW hs",7160.9,"Centipede",10321.9
"RAINBOW hs",10916,"Chopper Command",8930
"RAINBOW hs",143962,"Crazy Climber",32667
"RAINBOW hs",47671.3,"Defender",14296
"RAINBOW hs",109670.7,"Demon Attack",3442.8
"RAINBOW hs",-0.6,"Double Dunk",-14.4
"RAINBOW hs",2061.1,"Enduro",740.2
"RAINBOW hs",22.6,"Fishing Derby",5.1
"RAINBOW hs",29.1,"Freeway",25.6
"RAINBOW hs",4141.1,"Frostbite",4202.8
"RAINBOW hs",72595.7,"Gopher",2311
"RAINBOW hs",567.5,"Gravitar",3116
"RAINBOW hs",50496.8,"HERO",25839.4
"RAINBOW hs",-0.7,"Ice Hockey",0.5
"RAINBOW hs",18142.3,"James Bond",368.5
"RAINBOW hs",10841,"Kangaroo",2739
"RAINBOW hs",6715.5,"Krull",2109.1
"RAINBOW hs",28999.8,"Kung-Fu Master",20786.8
"RAINBOW hs",154,"Montezuma's Revenge",4182
"RAINBOW hs",2570.2,"Ms. Pacman",15375
"RAINBOW hs",11686.5,"Name This Game",6796
"RAINBOW hs",103061.6,"Phoenix",6686.2
"RAINBOW hs",-37.6,"Pitfall!",5998.9
"RAINBOW hs",19,"Pong",15.5
"RAINBOW hs",1704.4,"Private Eye",64169.1
"RAINBOW hs",18397.6,"Q*Bert",12085
"RAINBOW hs",15608.1,"River Raid",14382.2
"RAINBOW hs",54261,"Road Runner",6878
"RAINBOW hs",55.2,"Robotank",8.9
"RAINBOW hs",19176,"Seaquest",40425.8
"RAINBOW hs",-11685.8,"Skiing",-3686.6
"RAINBOW hs",2860.7,"Solaris",11032.6
"RAINBOW hs",12629,"Space Invaders",1464.9
"RAINBOW hs",123853,"Star Gunner",9528
"RAINBOW hs",7,"Surround",5.4
"RAINBOW hs",-2.2,"Tennis",-6.7
"RAINBOW hs",11190.5,"Time Pilot",5650
"RAINBOW hs",126.9,"Tutankham",138.3
"RAINBOW hs",92640.6,"Up and Down",9896.1
"RAINBOW hs",45,"Venture",1039
"RAINBOW hs",506817.2,"Video Pinball",15641.1
"RAINBOW hs",14631.5,"Wizard of Wor",4556
"RAINBOW hs",93007.9,"Yars Revenge",47135.2
"RAINBOW hs",19658,"Zaxxon",8443
